<linker>
	<assembly fullname="com.Phantoms.PackageTools.Runtime">
		<type fullname="UnityAsyncAwaitUtil.AsyncCoroutineRunner" preserve="nothing"/>
	</assembly>
	<assembly fullname="com.Phantoms.UIExtension.Runtime">
		<type fullname="com.PhantomsXR.Recorders.Runtime.RecordButton" preserve="nothing"/>
		<type fullname="com.PhantomsXR.UIExtension.CanvasSafeArea" preserve="nothing"/>
	</assembly>
	<assembly fullname="com.PhantomsXR.MirrorExtension.Runtime">
		<type fullname="com.PhantomsXR.MirrorExtension.Runtime.LocalPlayerBinding" preserve="nothing"/>
		<type fullname="com.PhantomsXR.MirrorExtension.Runtime.XRMODNetworkManager" preserve="nothing"/>
	</assembly>
	<assembly fullname="com.PhantomsXR.Recorders.Runtime">
		<type fullname="com.PhantomsXR.Recorders.Runtime.XRFrameGrabber" preserve="nothing"/>
	</assembly>
	<assembly fullname="com.Phatoms.Immersal.Runtime">
		<type fullname="Immersal.AR.ARLocalizer" preserve="nothing"/>
		<type fullname="Immersal.ImmersalSDK" preserve="nothing"/>
	</assembly>
	<assembly fullname="HandheldARModule.Runtime">
		<type fullname="HandheldARModule.Runtime.AutoRegisterModule" preserve="nothing"/>
		<type fullname="HandheldARModule.Runtime.CheckControllerStatus" preserve="nothing"/>
		<type fullname="HandheldARModule.Runtime.Extension.ARFeatheredPlaneMeshVisualizer" preserve="nothing"/>
		<type fullname="HandheldARModule.Runtime.Utility.SceneGrab" preserve="nothing"/>
	</assembly>
	<assembly fullname="HandheldARModule.Runtime.iOS">
		<type fullname="HandheldARModule.Runtime.Platform.iOS.ARKitDependenceInject" preserve="nothing"/>
	</assembly>
	<assembly fullname="IngameDebugConsole.Runtime">
		<type fullname="IngameDebugConsole.DebugLogItem" preserve="nothing"/>
		<type fullname="IngameDebugConsole.DebugLogManager" preserve="nothing"/>
		<type fullname="IngameDebugConsole.DebugLogPopup" preserve="nothing"/>
		<type fullname="IngameDebugConsole.DebugLogRecycledListView" preserve="nothing"/>
		<type fullname="IngameDebugConsole.DebugLogResizeListener" preserve="nothing"/>
		<type fullname="IngameDebugConsole.DebugsOnScrollListener" preserve="nothing"/>
	</assembly>
	<assembly fullname="Mirror.Components">
		<type fullname="Mirror.Discovery.NetworkDiscovery" preserve="nothing"/>
		<type fullname="Mirror.NetworkPingDisplay" preserve="nothing"/>
	</assembly>
	<assembly fullname="Mirror">
		<type fullname="kcp2k.KcpTransport" preserve="nothing"/>
		<type fullname="Mirror.NetworkIdentity" preserve="nothing"/>
	</assembly>
	<assembly fullname="SDKEntry.Runtime">
		<type fullname="SDKEntry.Runtime.SDKEntryPoint" preserve="nothing"/>
		<type fullname="SDKEntry.Runtime.SDKInformation" preserve="nothing"/>
		<type fullname="Simulater" preserve="nothing"/>
	</assembly>
	<assembly fullname="Unity.InputSystem">
		<type fullname="UnityEngine.InputSystem.InputSettings" preserve="nothing"/>
		<type fullname="UnityEngine.InputSystem.InputSystemObject" preserve="nothing"/>
		<type fullname="UnityEngine.InputSystem.RemoteInputPlayerConnection" preserve="nothing"/>
		<type fullname="UnityEngine.InputSystem.XR.TrackedPoseDriver" preserve="nothing"/>
	</assembly>
	<assembly fullname="Unity.RenderPipelines.Core.Runtime">
		<type fullname="UnityEngine.Rendering.UI.DebugUIHandlerBitField" preserve="nothing"/>
		<type fullname="UnityEngine.Rendering.UI.DebugUIHandlerButton" preserve="nothing"/>
		<type fullname="UnityEngine.Rendering.UI.DebugUIHandlerCanvas" preserve="nothing"/>
		<type fullname="UnityEngine.Rendering.UI.DebugUIHandlerColor" preserve="nothing"/>
		<type fullname="UnityEngine.Rendering.UI.DebugUIHandlerContainer" preserve="nothing"/>
		<type fullname="UnityEngine.Rendering.UI.DebugUIHandlerEnumField" preserve="nothing"/>
		<type fullname="UnityEngine.Rendering.UI.DebugUIHandlerEnumHistory" preserve="nothing"/>
		<type fullname="UnityEngine.Rendering.UI.DebugUIHandlerFloatField" preserve="nothing"/>
		<type fullname="UnityEngine.Rendering.UI.DebugUIHandlerFoldout" preserve="nothing"/>
		<type fullname="UnityEngine.Rendering.UI.DebugUIHandlerGroup" preserve="nothing"/>
		<type fullname="UnityEngine.Rendering.UI.DebugUIHandlerHBox" preserve="nothing"/>
		<type fullname="UnityEngine.Rendering.UI.DebugUIHandlerIndirectFloatField" preserve="nothing"/>
		<type fullname="UnityEngine.Rendering.UI.DebugUIHandlerIndirectToggle" preserve="nothing"/>
		<type fullname="UnityEngine.Rendering.UI.DebugUIHandlerIntField" preserve="nothing"/>
		<type fullname="UnityEngine.Rendering.UI.DebugUIHandlerMessageBox" preserve="nothing"/>
		<type fullname="UnityEngine.Rendering.UI.DebugUIHandlerPanel" preserve="nothing"/>
		<type fullname="UnityEngine.Rendering.UI.DebugUIHandlerPersistentCanvas" preserve="nothing"/>
		<type fullname="UnityEngine.Rendering.UI.DebugUIHandlerRow" preserve="nothing"/>
		<type fullname="UnityEngine.Rendering.UI.DebugUIHandlerToggle" preserve="nothing"/>
		<type fullname="UnityEngine.Rendering.UI.DebugUIHandlerToggleHistory" preserve="nothing"/>
		<type fullname="UnityEngine.Rendering.UI.DebugUIHandlerUIntField" preserve="nothing"/>
		<type fullname="UnityEngine.Rendering.UI.DebugUIHandlerValue" preserve="nothing"/>
		<type fullname="UnityEngine.Rendering.UI.DebugUIHandlerVBox" preserve="nothing"/>
		<type fullname="UnityEngine.Rendering.UI.DebugUIHandlerVector2" preserve="nothing"/>
		<type fullname="UnityEngine.Rendering.UI.DebugUIHandlerVector3" preserve="nothing"/>
		<type fullname="UnityEngine.Rendering.UI.DebugUIHandlerVector4" preserve="nothing"/>
		<type fullname="UnityEngine.Rendering.UI.UIFoldout" preserve="nothing"/>
	</assembly>
	<assembly fullname="Unity.RenderPipelines.Universal.Runtime">
		<type fullname="UnityEngine.Rendering.Universal.PostProcessData" preserve="nothing"/>
		<type fullname="UnityEngine.Rendering.Universal.UniversalAdditionalCameraData" preserve="nothing"/>
		<type fullname="UnityEngine.Rendering.Universal.UniversalRendererData" preserve="nothing"/>
		<type fullname="UnityEngine.Rendering.Universal.UniversalRenderPipelineAsset" preserve="nothing"/>
		<type fullname="UnityEngine.Rendering.Universal.UniversalRenderPipelineGlobalSettings" preserve="nothing"/>
		<type fullname="UnityEngine.Rendering.Universal.XRSystemData" preserve="nothing"/>
	</assembly>
	<assembly fullname="Unity.TextMeshPro">
		<type fullname="TMPro.TMP_Settings" preserve="nothing"/>
		<type fullname="TMPro.TMP_StyleSheet" preserve="nothing"/>
	</assembly>
	<assembly fullname="Unity.XR.ARFoundation">
		<type fullname="UnityEngine.XR.ARFoundation.ARBackgroundRendererFeature" preserve="nothing"/>
		<type fullname="UnityEngine.XR.ARFoundation.ARCameraBackground" preserve="nothing"/>
		<type fullname="UnityEngine.XR.ARFoundation.ARCameraManager" preserve="nothing"/>
		<type fullname="UnityEngine.XR.ARFoundation.ARFace" preserve="nothing"/>
		<type fullname="UnityEngine.XR.ARFoundation.ARFaceMeshVisualizer" preserve="nothing"/>
		<type fullname="UnityEngine.XR.ARFoundation.ARInputManager" preserve="nothing"/>
		<type fullname="UnityEngine.XR.ARFoundation.ARMeshManager" preserve="nothing"/>
		<type fullname="UnityEngine.XR.ARFoundation.AROcclusionManager" preserve="nothing"/>
		<type fullname="UnityEngine.XR.ARFoundation.ARPlane" preserve="nothing"/>
		<type fullname="UnityEngine.XR.ARFoundation.ARPlaneMeshVisualizer" preserve="nothing"/>
		<type fullname="UnityEngine.XR.ARFoundation.ARPointCloud" preserve="nothing"/>
		<type fullname="UnityEngine.XR.ARFoundation.ARPointCloudParticleVisualizer" preserve="nothing"/>
		<type fullname="UnityEngine.XR.ARFoundation.ARPoseDriver" preserve="nothing"/>
		<type fullname="UnityEngine.XR.ARFoundation.ARSession" preserve="nothing"/>
		<type fullname="UnityEngine.XR.ARFoundation.ARSessionOrigin" preserve="nothing"/>
	</assembly>
	<assembly fullname="Unity.XR.ARKit">
		<type fullname="UnityEngine.XR.ARKit.ARKitLoader" preserve="nothing"/>
	</assembly>
	<assembly fullname="Unity.XR.CoreUtils">
		<type fullname="Unity.XR.CoreUtils.XROrigin" preserve="nothing"/>
	</assembly>
	<assembly fullname="Unity.XR.Interaction.Toolkit">
		<type fullname="UnityEngine.XR.Interaction.Toolkit.ActionBasedController" preserve="nothing"/>
		<type fullname="UnityEngine.XR.Interaction.Toolkit.AR.ARGestureInteractor" preserve="nothing"/>
		<type fullname="UnityEngine.XR.Interaction.Toolkit.InteractionLayerSettings" preserve="nothing"/>
		<type fullname="UnityEngine.XR.Interaction.Toolkit.XRInteractionManager" preserve="nothing"/>
		<type fullname="UnityEngine.XR.Interaction.Toolkit.XRInteractorLineVisual" preserve="nothing"/>
		<type fullname="UnityEngine.XR.Interaction.Toolkit.XRRayInteractor" preserve="nothing"/>
	</assembly>
	<assembly fullname="Unity.XR.Management">
		<type fullname="UnityEngine.XR.Management.XRGeneralSettings" preserve="nothing"/>
		<type fullname="UnityEngine.XR.Management.XRManagerSettings" preserve="nothing"/>
	</assembly>
	<assembly fullname="UnityEngine">
		<type fullname="UnityEditor.AudioManager" preserve="nothing"/>
		<type fullname="UnityEditor.InputManager" preserve="nothing"/>
		<type fullname="UnityEditor.MonoManager" preserve="nothing"/>
		<type fullname="UnityEditor.MonoScript" preserve="nothing"/>
		<type fullname="UnityEditor.Physics2DSettings" preserve="nothing"/>
		<type fullname="UnityEditor.PhysicsManager" preserve="nothing"/>
		<type fullname="UnityEditor.PlayerSettings" preserve="nothing"/>
		<type fullname="UnityEditor.TagManager" preserve="nothing"/>
		<type fullname="UnityEditor.TimeManager" preserve="nothing"/>
		<type fullname="UnityEditor.UnityConnectSettings" preserve="nothing"/>
		<type fullname="UnityEditor.VFXManager" preserve="nothing"/>
		<type fullname="UnityEngine.AudioBehaviour" preserve="nothing"/>
		<type fullname="UnityEngine.AudioListener" preserve="nothing"/>
		<type fullname="UnityEngine.Behaviour" preserve="nothing"/>
		<type fullname="UnityEngine.Camera" preserve="nothing"/>
		<type fullname="UnityEngine.Canvas" preserve="nothing"/>
		<type fullname="UnityEngine.CanvasGroup" preserve="nothing"/>
		<type fullname="UnityEngine.CanvasRenderer" preserve="nothing"/>
		<type fullname="UnityEngine.Collider" preserve="nothing"/>
		<type fullname="UnityEngine.Component" preserve="nothing"/>
		<type fullname="UnityEngine.Cubemap" preserve="nothing"/>
		<type fullname="UnityEngine.Font" preserve="nothing"/>
		<type fullname="UnityEngine.GameObject" preserve="nothing"/>
		<type fullname="UnityEngine.LightingSettings" preserve="nothing"/>
		<type fullname="UnityEngine.LightmapSettings" preserve="nothing"/>
		<type fullname="UnityEngine.LightProbes" preserve="nothing"/>
		<type fullname="UnityEngine.LineRenderer" preserve="nothing"/>
		<type fullname="UnityEngine.Material" preserve="nothing"/>
		<type fullname="UnityEngine.Mesh" preserve="nothing"/>
		<type fullname="UnityEngine.MeshCollider" preserve="nothing"/>
		<type fullname="UnityEngine.MeshFilter" preserve="nothing"/>
		<type fullname="UnityEngine.MeshRenderer" preserve="nothing"/>
		<type fullname="UnityEngine.MonoBehaviour" preserve="nothing"/>
		<type fullname="UnityEngine.Object" preserve="nothing"/>
		<type fullname="UnityEngine.ParticleSystem" preserve="nothing"/>
		<type fullname="UnityEngine.ParticleSystemRenderer" preserve="nothing"/>
		<type fullname="UnityEngine.QualitySettings" preserve="nothing"/>
		<type fullname="UnityEngine.RectTransform" preserve="nothing"/>
		<type fullname="UnityEngine.Renderer" preserve="nothing"/>
		<type fullname="UnityEngine.Rendering.GraphicsSettings" preserve="nothing"/>
		<type fullname="UnityEngine.RenderSettings" preserve="nothing"/>
		<type fullname="UnityEngine.Shader" preserve="nothing"/>
		<type fullname="UnityEngine.ShaderVariantCollection" preserve="nothing"/>
		<type fullname="UnityEngine.Sprite" preserve="nothing"/>
		<type fullname="UnityEngine.TextAsset" preserve="nothing"/>
		<type fullname="UnityEngine.Texture" preserve="nothing"/>
		<type fullname="UnityEngine.Texture2D" preserve="nothing"/>
		<type fullname="UnityEngine.Transform" preserve="nothing"/>
	</assembly>
	<assembly fullname="UnityEngine.UI">
		<type fullname="UnityEngine.EventSystems.EventTrigger" preserve="nothing"/>
		<type fullname="UnityEngine.UI.Button" preserve="nothing"/>
		<type fullname="UnityEngine.UI.CanvasScaler" preserve="nothing"/>
		<type fullname="UnityEngine.UI.ContentSizeFitter" preserve="nothing"/>
		<type fullname="UnityEngine.UI.GraphicRaycaster" preserve="nothing"/>
		<type fullname="UnityEngine.UI.HorizontalLayoutGroup" preserve="nothing"/>
		<type fullname="UnityEngine.UI.Image" preserve="nothing"/>
		<type fullname="UnityEngine.UI.InputField" preserve="nothing"/>
		<type fullname="UnityEngine.UI.LayoutElement" preserve="nothing"/>
		<type fullname="UnityEngine.UI.Mask" preserve="nothing"/>
		<type fullname="UnityEngine.UI.RectMask2D" preserve="nothing"/>
		<type fullname="UnityEngine.UI.Scrollbar" preserve="nothing"/>
		<type fullname="UnityEngine.UI.ScrollRect" preserve="nothing"/>
		<type fullname="UnityEngine.UI.Text" preserve="nothing"/>
		<type fullname="UnityEngine.UI.Toggle" preserve="nothing"/>
		<type fullname="UnityEngine.UI.VerticalLayoutGroup" preserve="nothing"/>
	</assembly>
	<assembly fullname="UnityEngine.UIElementsModule">
		<type fullname="UnityEngine.UIElements.PanelSettings" preserve="nothing"/>
		<type fullname="UnityEngine.UIElements.PanelTextSettings" preserve="nothing"/>
		<type fullname="UnityEngine.UIElements.StyleSheet" preserve="nothing"/>
		<type fullname="UnityEngine.UIElements.ThemeStyleSheet" preserve="nothing"/>
		<type fullname="UnityEngine.UIElements.UIDocument" preserve="nothing"/>
		<type fullname="UnityEngine.UIElements.VisualTreeAsset" preserve="nothing"/>
	</assembly>
</linker>
