{"report":{"modules":[{"name":"AI","dependencies":[{"name":"NavMeshAgent","scenes":[],"dependencyType":0,"icon":null},{"name":"NavMeshData","scenes":[],"dependencyType":0,"icon":null},{"name":"NavMeshObstacle","scenes":[],"dependencyType":0,"icon":null},{"name":"NavMeshProjectSettings","scenes":[],"dependencyType":1,"icon":null},{"name":"NavMeshSettings","scenes":["Assets/Artwork/Scenes/Release/Clear.unity","Assets/Artwork/Scenes/Release/Initilizer.unity","Assets/Artwork/Scenes/Release/Main.unity"],"dependencyType":1,"icon":null}]},{"name":"AndroidJNI","dependencies":[]},{"name":"Animation","dependencies":[{"name":"AimConstraint","scenes":[],"dependencyType":0,"icon":null},{"name":"Animation","scenes":[],"dependencyType":0,"icon":null},{"name":"AnimationClip","scenes":[],"dependencyType":0,"icon":null},{"name":"Animator","scenes":[],"dependencyType":0,"icon":null},{"name":"AnimatorController","scenes":[],"dependencyType":1,"icon":null},{"name":"AnimatorOverrideController","scenes":[],"dependencyType":0,"icon":null},{"name":"Avatar","scenes":[],"dependencyType":0,"icon":null},{"name":"AvatarMask","scenes":[],"dependencyType":0,"icon":null},{"name":"IConstraint","scenes":[],"dependencyType":1,"icon":null},{"name":"LookAtConstraint","scenes":[],"dependencyType":0,"icon":null},{"name":"Motion","scenes":[],"dependencyType":0,"icon":null},{"name":"ParentConstraint","scenes":[],"dependencyType":0,"icon":null},{"name":"RuntimeAnimatorController","scenes":[],"dependencyType":1,"icon":null},{"name":"Required by Director Module","scenes":[],"dependencyType":2,"icon":"package/com.unity.modules.director"}]},{"name":"AssetBundle","dependencies":[{"name":"AssetBundle","scenes":[],"dependencyType":0,"icon":null},{"name":"Required by UnityWebRequestAssetBundle Module","scenes":[],"dependencyType":2,"icon":"package/com.unity.modules.unitywebrequestassetbundle"}]},{"name":"Audio","dependencies":[{"name":"AudioBehaviour","scenes":["Assets/Artwork/Scenes/Release/Initilizer.unity"],"dependencyType":0,"icon":null},{"name":"AudioClip","scenes":[],"dependencyType":0,"icon":null},{"name":"AudioListener","scenes":["Assets/Artwork/Scenes/Release/Initilizer.unity"],"dependencyType":0,"icon":null},{"name":"AudioManager","scenes":[],"dependencyType":1,"icon":null},{"name":"AudioMixer","scenes":[],"dependencyType":0,"icon":null},{"name":"AudioMixerGroup","scenes":[],"dependencyType":0,"icon":null},{"name":"AudioMixerSnapshot","scenes":[],"dependencyType":0,"icon":null},{"name":"AudioSource","scenes":[],"dependencyType":0,"icon":null},{"name":"BaseVideoTexture","scenes":[],"dependencyType":1,"icon":null},{"name":"SampleClip","scenes":[],"dependencyType":1,"icon":null},{"name":"WebCamTexture","scenes":[],"dependencyType":0,"icon":null},{"name":"Required by Director Module","scenes":[],"dependencyType":2,"icon":"package/com.unity.modules.director"},{"name":"Required by UnityWebRequestAudio Module","scenes":[],"dependencyType":2,"icon":"package/com.unity.modules.unitywebrequestaudio"},{"name":"Required by Video Module","scenes":[],"dependencyType":2,"icon":"package/com.unity.modules.video"}]},{"name":"Core","dependencies":[{"name":"Behaviour","scenes":[],"dependencyType":1,"icon":null},{"name":"BillboardAsset","scenes":[],"dependencyType":0,"icon":null},{"name":"BillboardRenderer","scenes":[],"dependencyType":0,"icon":null},{"name":"BuildSettings","scenes":[],"dependencyType":1,"icon":null},{"name":"Camera","scenes":["Assets/Artwork/Scenes/Release/Clear.unity","Assets/Artwork/Scenes/Release/Initilizer.unity"],"dependencyType":0,"icon":null},{"name":"Component","scenes":[],"dependencyType":1,"icon":null},{"name":"ComputeShader","scenes":[],"dependencyType":0,"icon":null},{"name":"Cubemap","scenes":["Assets/Artwork/Scenes/Release/Main.unity"],"dependencyType":0,"icon":null},{"name":"CubemapArray","scenes":[],"dependencyType":0,"icon":null},{"name":"CustomRenderTexture","scenes":[],"dependencyType":0,"icon":null},{"name":"DelayedCallManager","scenes":[],"dependencyType":1,"icon":null},{"name":"EditorExtension","scenes":["Assets/Artwork/Scenes/Release/Clear.unity","Assets/Artwork/Scenes/Release/Initilizer.unity","Assets/Artwork/Scenes/Release/Main.unity"],"dependencyType":1,"icon":null},{"name":"Flare","scenes":[],"dependencyType":0,"icon":null},{"name":"FlareLayer","scenes":[],"dependencyType":0,"icon":null},{"name":"GameManager","scenes":[],"dependencyType":1,"icon":null},{"name":"GameObject","scenes":["Assets/Artwork/Scenes/Release/Clear.unity","Assets/Artwork/Scenes/Release/Initilizer.unity"],"dependencyType":0,"icon":null},{"name":"GlobalGameManager","scenes":[],"dependencyType":1,"icon":null},{"name":"GraphicsSettings","scenes":[],"dependencyType":0,"icon":null},{"name":"Halo","scenes":[],"dependencyType":0,"icon":null},{"name":"InputManager","scenes":[],"dependencyType":1,"icon":null},{"name":"LensFlare","scenes":[],"dependencyType":0,"icon":null},{"name":"LevelGameManager","scenes":["Assets/Artwork/Scenes/Release/Clear.unity","Assets/Artwork/Scenes/Release/Initilizer.unity","Assets/Artwork/Scenes/Release/Main.unity"],"dependencyType":1,"icon":null},{"name":"Light","scenes":[],"dependencyType":0,"icon":null},{"name":"LightingSettings","scenes":["Assets/Artwork/Scenes/Release/Clear.unity","Assets/Artwork/Scenes/Release/Initilizer.unity","Assets/Artwork/Scenes/Release/Main.unity"],"dependencyType":0,"icon":null},{"name":"LightmapSettings","scenes":["Assets/Artwork/Scenes/Release/Clear.unity","Assets/Artwork/Scenes/Release/Initilizer.unity","Assets/Artwork/Scenes/Release/Main.unity"],"dependencyType":0,"icon":null},{"name":"LightProbeGroup","scenes":[],"dependencyType":0,"icon":null},{"name":"LightProbeProxyVolume","scenes":[],"dependencyType":0,"icon":null},{"name":"LightProbes","scenes":["Assets/Artwork/Scenes/Release/Main.unity"],"dependencyType":0,"icon":null},{"name":"LineRenderer","scenes":["Assets/Artwork/Scenes/Release/Initilizer.unity"],"dependencyType":0,"icon":null},{"name":"LODGroup","scenes":[],"dependencyType":0,"icon":null},{"name":"LowerResBlitTexture","scenes":[],"dependencyType":0,"icon":null},{"name":"Material","scenes":["Assets/Artwork/Scenes/Release/Initilizer.unity","Assets/Artwork/Scenes/Release/Main.unity"],"dependencyType":0,"icon":null},{"name":"Mesh","scenes":["Assets/Artwork/Scenes/Release/Initilizer.unity"],"dependencyType":0,"icon":null},{"name":"MeshFilter","scenes":["Assets/Artwork/Scenes/Release/Initilizer.unity"],"dependencyType":0,"icon":null},{"name":"MeshRenderer","scenes":["Assets/Artwork/Scenes/Release/Initilizer.unity"],"dependencyType":0,"icon":null},{"name":"MonoBehaviour","scenes":["Assets/Artwork/Scenes/Release/Clear.unity","Assets/Artwork/Scenes/Release/Initilizer.unity"],"dependencyType":0,"icon":null},{"name":"MonoManager","scenes":[],"dependencyType":1,"icon":null},{"name":"MonoScript","scenes":["Assets/Artwork/Scenes/Release/Clear.unity","Assets/Artwork/Scenes/Release/Initilizer.unity"],"dependencyType":1,"icon":null},{"name":"NamedObject","scenes":["Assets/Artwork/Scenes/Release/Clear.unity","Assets/Artwork/Scenes/Release/Initilizer.unity","Assets/Artwork/Scenes/Release/Main.unity"],"dependencyType":1,"icon":null},{"name":"Object","scenes":[],"dependencyType":1,"icon":null},{"name":"OcclusionArea","scenes":[],"dependencyType":0,"icon":null},{"name":"OcclusionPortal","scenes":[],"dependencyType":0,"icon":null},{"name":"PlayerSettings","scenes":[],"dependencyType":1,"icon":null},{"name":"PreloadData","scenes":[],"dependencyType":0,"icon":null},{"name":"Projector","scenes":[],"dependencyType":0,"icon":null},{"name":"QualitySettings","scenes":[],"dependencyType":0,"icon":null},{"name":"RayTracingShader","scenes":[],"dependencyType":0,"icon":null},{"name":"RectTransform","scenes":["Assets/Artwork/Scenes/Release/Initilizer.unity"],"dependencyType":0,"icon":null},{"name":"ReflectionProbe","scenes":[],"dependencyType":0,"icon":null},{"name":"Renderer","scenes":[],"dependencyType":1,"icon":null},{"name":"RenderSettings","scenes":["Assets/Artwork/Scenes/Release/Clear.unity","Assets/Artwork/Scenes/Release/Initilizer.unity","Assets/Artwork/Scenes/Release/Main.unity"],"dependencyType":0,"icon":null},{"name":"RenderTexture","scenes":[],"dependencyType":0,"icon":null},{"name":"ResourceManager","scenes":[],"dependencyType":1,"icon":null},{"name":"RuntimeInitializeOnLoadManager","scenes":[],"dependencyType":1,"icon":null},{"name":"Shader","scenes":["Assets/Artwork/Scenes/Release/Initilizer.unity","Assets/Artwork/Scenes/Release/Main.unity"],"dependencyType":0,"icon":null},{"name":"ShaderNameRegistry","scenes":[],"dependencyType":1,"icon":null},{"name":"ShaderVariantCollection","scenes":["Assets/Artwork/Scenes/Release/Initilizer.unity"],"dependencyType":0,"icon":null},{"name":"SkinnedMeshRenderer","scenes":[],"dependencyType":0,"icon":null},{"name":"Skybox","scenes":[],"dependencyType":0,"icon":null},{"name":"SortingGroup","scenes":[],"dependencyType":0,"icon":null},{"name":"SparseTexture","scenes":[],"dependencyType":0,"icon":null},{"name":"Sprite","scenes":["Assets/Artwork/Scenes/Release/Initilizer.unity"],"dependencyType":0,"icon":null},{"name":"SpriteAtlas","scenes":[],"dependencyType":0,"icon":null},{"name":"SpriteRenderer","scenes":[],"dependencyType":0,"icon":null},{"name":"TagManager","scenes":[],"dependencyType":1,"icon":null},{"name":"TextAsset","scenes":[],"dependencyType":1,"icon":null},{"name":"Texture","scenes":[],"dependencyType":1,"icon":null},{"name":"Texture2D","scenes":[],"dependencyType":1,"icon":null},{"name":"Texture2DArray","scenes":[],"dependencyType":0,"icon":null},{"name":"Texture3D","scenes":[],"dependencyType":0,"icon":null},{"name":"TimeManager","scenes":[],"dependencyType":1,"icon":null},{"name":"TrailRenderer","scenes":[],"dependencyType":0,"icon":null},{"name":"Transform","scenes":[],"dependencyType":1,"icon":null},{"name":"Required by AI Module","scenes":[],"dependencyType":2,"icon":"package/com.unity.modules.ai"},{"name":"Required by AndroidJNI Module","scenes":[],"dependencyType":2,"icon":"package/com.unity.modules.androidjni"},{"name":"Required by Animation Module","scenes":[],"dependencyType":2,"icon":"package/com.unity.modules.animation"},{"name":"Required by AssetBundle Module","scenes":[],"dependencyType":2,"icon":"package/com.unity.modules.assetbundle"},{"name":"Required by Audio Module","scenes":[],"dependencyType":2,"icon":"package/com.unity.modules.audio"},{"name":"Required by CrashReporting Module","scenes":[],"dependencyType":2,"icon":"package/com.unity.modules.crashreporting"},{"name":"Required by Director Module","scenes":[],"dependencyType":2,"icon":"package/com.unity.modules.director"},{"name":"Required by GameCenter Module","scenes":[],"dependencyType":2,"icon":"package/com.unity.modules.gamecenter"},{"name":"Required by HotReload Module","scenes":[],"dependencyType":2,"icon":"package/com.unity.modules.hotreload"},{"name":"Required by ImageConversion Module","scenes":[],"dependencyType":2,"icon":"package/com.unity.modules.imageconversion"},{"name":"Required by IMGUI Module","scenes":[],"dependencyType":2,"icon":"package/com.unity.modules.imgui"},{"name":"Required by Input Module","scenes":[],"dependencyType":2,"icon":"package/com.unity.modules.input"},{"name":"Required by InputLegacy Module","scenes":[],"dependencyType":2,"icon":"package/com.unity.modules.inputlegacy"},{"name":"Required by JSONSerialize Module","scenes":[],"dependencyType":2,"icon":"package/com.unity.modules.jsonserialize"},{"name":"Required by ParticleSystem Module","scenes":[],"dependencyType":2,"icon":"package/com.unity.modules.particlesystem"},{"name":"Required by PerformanceReporting Module","scenes":[],"dependencyType":2,"icon":"package/com.unity.modules.performancereporting"},{"name":"Required by Physics Module","scenes":[],"dependencyType":2,"icon":"package/com.unity.modules.physics"},{"name":"Required by Physics2D Module","scenes":[],"dependencyType":2,"icon":"package/com.unity.modules.physics2d"},{"name":"Required by RuntimeInitializeOnLoadManagerInitializer Module","scenes":[],"dependencyType":2,"icon":"package/com.unity.modules.runtimeinitializeonloadmanagerinitializer"},{"name":"Required by Subsystems Module","scenes":[],"dependencyType":2,"icon":"package/com.unity.modules.subsystems"},{"name":"Required by TextCoreFontEngine Module","scenes":[],"dependencyType":2,"icon":"package/com.unity.modules.textcorefontengine"},{"name":"Required by TextCoreTextEngine Module","scenes":[],"dependencyType":2,"icon":"package/com.unity.modules.textcoretextengine"},{"name":"Required by TextRendering Module","scenes":[],"dependencyType":2,"icon":"package/com.unity.modules.textrendering"},{"name":"Required by TLS Module","scenes":[],"dependencyType":2,"icon":"package/com.unity.modules.tls"},{"name":"Required by UI Module","scenes":[],"dependencyType":2,"icon":"package/com.unity.modules.ui"},{"name":"Required by UIElements Module","scenes":[],"dependencyType":2,"icon":"package/com.unity.modules.uielements"},{"name":"Required by UIElementsNative Module","scenes":[],"dependencyType":2,"icon":"package/com.unity.modules.uielementsnative"},{"name":"Required by UnityAnalytics Module","scenes":[],"dependencyType":2,"icon":"package/com.unity.modules.unityanalytics"},{"name":"Required by UnityAnalyticsCommon Module","scenes":[],"dependencyType":2,"icon":"package/com.unity.modules.unityanalyticscommon"},{"name":"Required by UnityConnect Module","scenes":[],"dependencyType":2,"icon":"package/com.unity.modules.unityconnect"},{"name":"Required by UnityWebRequest Module","scenes":[],"dependencyType":2,"icon":"package/com.unity.modules.unitywebrequest"},{"name":"Required by UnityWebRequestAssetBundle Module","scenes":[],"dependencyType":2,"icon":"package/com.unity.modules.unitywebrequestassetbundle"},{"name":"Required by UnityWebRequestAudio Module","scenes":[],"dependencyType":2,"icon":"package/com.unity.modules.unitywebrequestaudio"},{"name":"Required by UnityWebRequestTexture Module","scenes":[],"dependencyType":2,"icon":"package/com.unity.modules.unitywebrequesttexture"},{"name":"Required by Video Module","scenes":[],"dependencyType":2,"icon":"package/com.unity.modules.video"},{"name":"Required by VR Module","scenes":[],"dependencyType":2,"icon":"package/com.unity.modules.vr"},{"name":"Required by XR Module","scenes":[],"dependencyType":2,"icon":"package/com.unity.modules.xr"}]},{"name":"CrashReporting","dependencies":[{"name":"Required by Crash Reporting Service (See Services Window)","scenes":[],"dependencyType":3,"icon":"class/PlayerSettings"}]},{"name":"Director","dependencies":[{"name":"PlayableDirector","scenes":[],"dependencyType":0,"icon":null}]},{"name":"GameCenter","dependencies":[]},{"name":"HotReload","dependencies":[{"name":"Required by AssetBundle Module","scenes":[],"dependencyType":2,"icon":"package/com.unity.modules.assetbundle"}]},{"name":"ImageConversion","dependencies":[{"name":"Required by GameCenter Module","scenes":[],"dependencyType":2,"icon":"package/com.unity.modules.gamecenter"},{"name":"Required by UnityWebRequestTexture Module","scenes":[],"dependencyType":2,"icon":"package/com.unity.modules.unitywebrequesttexture"}]},{"name":"IMGUI","dependencies":[{"name":"Required by UIElements Module","scenes":[],"dependencyType":2,"icon":"package/com.unity.modules.uielements"},{"name":"Required by UIElementsNative Module","scenes":[],"dependencyType":2,"icon":"package/com.unity.modules.uielementsnative"}]},{"name":"Input","dependencies":[{"name":"Required by VR Module","scenes":[],"dependencyType":2,"icon":"package/com.unity.modules.vr"},{"name":"Required by XR Module","scenes":[],"dependencyType":2,"icon":"package/com.unity.modules.xr"}]},{"name":"InputLegacy","dependencies":[{"name":"Required by IMGUI Module","scenes":[],"dependencyType":2,"icon":"package/com.unity.modules.imgui"},{"name":"Required by UIElements Module","scenes":[],"dependencyType":2,"icon":"package/com.unity.modules.uielements"},{"name":"Required by UIElementsNative Module","scenes":[],"dependencyType":2,"icon":"package/com.unity.modules.uielementsnative"}]},{"name":"JSONSerialize","dependencies":[{"name":"Required by CrashReporting Module","scenes":[],"dependencyType":2,"icon":"package/com.unity.modules.crashreporting"},{"name":"Required by Input Module","scenes":[],"dependencyType":2,"icon":"package/com.unity.modules.input"},{"name":"Required by PerformanceReporting Module","scenes":[],"dependencyType":2,"icon":"package/com.unity.modules.performancereporting"},{"name":"Required by RuntimeInitializeOnLoadManagerInitializer Module","scenes":[],"dependencyType":2,"icon":"package/com.unity.modules.runtimeinitializeonloadmanagerinitializer"},{"name":"Required by Subsystems Module","scenes":[],"dependencyType":2,"icon":"package/com.unity.modules.subsystems"},{"name":"Required by UIElements Module","scenes":[],"dependencyType":2,"icon":"package/com.unity.modules.uielements"},{"name":"Required by UIElementsNative Module","scenes":[],"dependencyType":2,"icon":"package/com.unity.modules.uielementsnative"},{"name":"Required by UnityAnalytics Module","scenes":[],"dependencyType":2,"icon":"package/com.unity.modules.unityanalytics"},{"name":"Required by VR Module","scenes":[],"dependencyType":2,"icon":"package/com.unity.modules.vr"},{"name":"Required by XR Module","scenes":[],"dependencyType":2,"icon":"package/com.unity.modules.xr"}]},{"name":"ParticleSystem","dependencies":[{"name":"ParticleSystem","scenes":["Assets/Artwork/Scenes/Release/Initilizer.unity"],"dependencyType":0,"icon":null},{"name":"ParticleSystemRenderer","scenes":["Assets/Artwork/Scenes/Release/Initilizer.unity"],"dependencyType":0,"icon":null}]},{"name":"PerformanceReporting","dependencies":[{"name":"Required by Analytics Performance Reporting (See Analytics Services Window)","scenes":[],"dependencyType":3,"icon":"class/PlayerSettings"},{"name":"Required by UnityAnalytics Module","scenes":[],"dependencyType":2,"icon":"package/com.unity.modules.unityanalytics"}]},{"name":"Physics","dependencies":[{"name":"ArticulationBody","scenes":[],"dependencyType":0,"icon":null},{"name":"BoxCollider","scenes":[],"dependencyType":0,"icon":null},{"name":"CapsuleCollider","scenes":[],"dependencyType":0,"icon":null},{"name":"CharacterController","scenes":[],"dependencyType":0,"icon":null},{"name":"Collider","scenes":["Assets/Artwork/Scenes/Release/Initilizer.unity"],"dependencyType":0,"icon":null},{"name":"MeshCollider","scenes":["Assets/Artwork/Scenes/Release/Initilizer.unity"],"dependencyType":0,"icon":null},{"name":"PhysicMaterial","scenes":[],"dependencyType":0,"icon":null},{"name":"PhysicsManager","scenes":[],"dependencyType":1,"icon":null},{"name":"Rigidbody","scenes":[],"dependencyType":0,"icon":null},{"name":"SphereCollider","scenes":[],"dependencyType":0,"icon":null},{"name":"Required by VR Module","scenes":[],"dependencyType":2,"icon":"package/com.unity.modules.vr"},{"name":"Required by XR Module","scenes":[],"dependencyType":2,"icon":"package/com.unity.modules.xr"}]},{"name":"Physics2D","dependencies":[{"name":"Collider2D","scenes":[],"dependencyType":0,"icon":null},{"name":"Joint2D","scenes":[],"dependencyType":0,"icon":null},{"name":"Physics2DSettings","scenes":[],"dependencyType":1,"icon":null},{"name":"Rigidbody2D","scenes":[],"dependencyType":0,"icon":null}]},{"name":"RuntimeInitializeOnLoadManagerInitializer","dependencies":[{"name":"RuntimeInitializeOnLoadManagerInitializer is always required","scenes":[],"dependencyType":3,"icon":"class/DefaultAsset"}]},{"name":"SharedInternals","dependencies":[{"name":"Required by AI Module","scenes":[],"dependencyType":2,"icon":"package/com.unity.modules.ai"},{"name":"Required by AndroidJNI Module","scenes":[],"dependencyType":2,"icon":"package/com.unity.modules.androidjni"},{"name":"Required by Animation Module","scenes":[],"dependencyType":2,"icon":"package/com.unity.modules.animation"},{"name":"Required by AssetBundle Module","scenes":[],"dependencyType":2,"icon":"package/com.unity.modules.assetbundle"},{"name":"Required by Audio Module","scenes":[],"dependencyType":2,"icon":"package/com.unity.modules.audio"},{"name":"Required by Core Module","scenes":[],"dependencyType":2,"icon":"package/com.unity.modules.core"},{"name":"Required by CrashReporting Module","scenes":[],"dependencyType":2,"icon":"package/com.unity.modules.crashreporting"},{"name":"Required by Director Module","scenes":[],"dependencyType":2,"icon":"package/com.unity.modules.director"},{"name":"Required by GameCenter Module","scenes":[],"dependencyType":2,"icon":"package/com.unity.modules.gamecenter"},{"name":"Required by HotReload Module","scenes":[],"dependencyType":2,"icon":"package/com.unity.modules.hotreload"},{"name":"Required by ImageConversion Module","scenes":[],"dependencyType":2,"icon":"package/com.unity.modules.imageconversion"},{"name":"Required by IMGUI Module","scenes":[],"dependencyType":2,"icon":"package/com.unity.modules.imgui"},{"name":"Required by Input Module","scenes":[],"dependencyType":2,"icon":"package/com.unity.modules.input"},{"name":"Required by InputLegacy Module","scenes":[],"dependencyType":2,"icon":"package/com.unity.modules.inputlegacy"},{"name":"Required by JSONSerialize Module","scenes":[],"dependencyType":2,"icon":"package/com.unity.modules.jsonserialize"},{"name":"Required by ParticleSystem Module","scenes":[],"dependencyType":2,"icon":"package/com.unity.modules.particlesystem"},{"name":"Required by PerformanceReporting Module","scenes":[],"dependencyType":2,"icon":"package/com.unity.modules.performancereporting"},{"name":"Required by Physics Module","scenes":[],"dependencyType":2,"icon":"package/com.unity.modules.physics"},{"name":"Required by Physics2D Module","scenes":[],"dependencyType":2,"icon":"package/com.unity.modules.physics2d"},{"name":"Required by RuntimeInitializeOnLoadManagerInitializer Module","scenes":[],"dependencyType":2,"icon":"package/com.unity.modules.runtimeinitializeonloadmanagerinitializer"},{"name":"Required by Subsystems Module","scenes":[],"dependencyType":2,"icon":"package/com.unity.modules.subsystems"},{"name":"Required by TextCoreFontEngine Module","scenes":[],"dependencyType":2,"icon":"package/com.unity.modules.textcorefontengine"},{"name":"Required by TextCoreTextEngine Module","scenes":[],"dependencyType":2,"icon":"package/com.unity.modules.textcoretextengine"},{"name":"Required by TextRendering Module","scenes":[],"dependencyType":2,"icon":"package/com.unity.modules.textrendering"},{"name":"Required by TLS Module","scenes":[],"dependencyType":2,"icon":"package/com.unity.modules.tls"},{"name":"Required by UI Module","scenes":[],"dependencyType":2,"icon":"package/com.unity.modules.ui"},{"name":"Required by UIElements Module","scenes":[],"dependencyType":2,"icon":"package/com.unity.modules.uielements"},{"name":"Required by UIElementsNative Module","scenes":[],"dependencyType":2,"icon":"package/com.unity.modules.uielementsnative"},{"name":"Required by UnityAnalytics Module","scenes":[],"dependencyType":2,"icon":"package/com.unity.modules.unityanalytics"},{"name":"Required by UnityAnalyticsCommon Module","scenes":[],"dependencyType":2,"icon":"package/com.unity.modules.unityanalyticscommon"},{"name":"Required by UnityConnect Module","scenes":[],"dependencyType":2,"icon":"package/com.unity.modules.unityconnect"},{"name":"Required by UnityWebRequest Module","scenes":[],"dependencyType":2,"icon":"package/com.unity.modules.unitywebrequest"},{"name":"Required by UnityWebRequestAssetBundle Module","scenes":[],"dependencyType":2,"icon":"package/com.unity.modules.unitywebrequestassetbundle"},{"name":"Required by UnityWebRequestAudio Module","scenes":[],"dependencyType":2,"icon":"package/com.unity.modules.unitywebrequestaudio"},{"name":"Required by UnityWebRequestTexture Module","scenes":[],"dependencyType":2,"icon":"package/com.unity.modules.unitywebrequesttexture"},{"name":"Required by Video Module","scenes":[],"dependencyType":2,"icon":"package/com.unity.modules.video"},{"name":"Required by VR Module","scenes":[],"dependencyType":2,"icon":"package/com.unity.modules.vr"},{"name":"Required by XR Module","scenes":[],"dependencyType":2,"icon":"package/com.unity.modules.xr"}]},{"name":"Subsystems","dependencies":[{"name":"Required by XR Module","scenes":[],"dependencyType":2,"icon":"package/com.unity.modules.xr"}]},{"name":"TextCoreFontEngine","dependencies":[{"name":"Required by TextCoreTextEngine Module","scenes":[],"dependencyType":2,"icon":"package/com.unity.modules.textcoretextengine"},{"name":"Required by UIElements Module","scenes":[],"dependencyType":2,"icon":"package/com.unity.modules.uielements"}]},{"name":"TextCoreTextEngine","dependencies":[{"name":"Required by UIElements Module","scenes":[],"dependencyType":2,"icon":"package/com.unity.modules.uielements"},{"name":"Required by UIElementsNative Module","scenes":[],"dependencyType":2,"icon":"package/com.unity.modules.uielementsnative"}]},{"name":"TextRendering","dependencies":[{"name":"Font","scenes":["Assets/Artwork/Scenes/Release/Initilizer.unity"],"dependencyType":0,"icon":null},{"name":"Required by IMGUI Module","scenes":[],"dependencyType":2,"icon":"package/com.unity.modules.imgui"},{"name":"Required by TextCoreFontEngine Module","scenes":[],"dependencyType":2,"icon":"package/com.unity.modules.textcorefontengine"},{"name":"Required by TextCoreTextEngine Module","scenes":[],"dependencyType":2,"icon":"package/com.unity.modules.textcoretextengine"},{"name":"Required by UI Module","scenes":[],"dependencyType":2,"icon":"package/com.unity.modules.ui"},{"name":"Required by UIElements Module","scenes":[],"dependencyType":2,"icon":"package/com.unity.modules.uielements"},{"name":"Required by UIElementsNative Module","scenes":[],"dependencyType":2,"icon":"package/com.unity.modules.uielementsnative"}]},{"name":"TLS","dependencies":[{"name":"Required by UnityWebRequest Module","scenes":[],"dependencyType":2,"icon":"package/com.unity.modules.unitywebrequest"}]},{"name":"UI","dependencies":[{"name":"Canvas","scenes":["Assets/Artwork/Scenes/Release/Initilizer.unity"],"dependencyType":0,"icon":null},{"name":"CanvasGroup","scenes":["Assets/Artwork/Scenes/Release/Initilizer.unity"],"dependencyType":0,"icon":null},{"name":"CanvasRenderer","scenes":["Assets/Artwork/Scenes/Release/Initilizer.unity"],"dependencyType":0,"icon":null},{"name":"Required by UIElements Module","scenes":[],"dependencyType":2,"icon":"package/com.unity.modules.uielements"},{"name":"Required by UIElementsNative Module","scenes":[],"dependencyType":2,"icon":"package/com.unity.modules.uielementsnative"},{"name":"Required by Video Module","scenes":[],"dependencyType":2,"icon":"package/com.unity.modules.video"}]},{"name":"UIElements","dependencies":[]},{"name":"UIElementsNative","dependencies":[{"name":"Required by UIElements Module","scenes":[],"dependencyType":2,"icon":"package/com.unity.modules.uielements"}]},{"name":"UnityAnalytics","dependencies":[{"name":"Required by Analytics Performance Reporting (See Analytics Services Window)","scenes":[],"dependencyType":3,"icon":"class/PlayerSettings"},{"name":"Required by CrashReporting Module","scenes":[],"dependencyType":2,"icon":"package/com.unity.modules.crashreporting"},{"name":"Required by PerformanceReporting Module","scenes":[],"dependencyType":2,"icon":"package/com.unity.modules.performancereporting"},{"name":"Required by UnityAnalytics (See Services Window)","scenes":[],"dependencyType":3,"icon":"class/PlayerSettings"}]},{"name":"UnityAnalyticsCommon","dependencies":[{"name":"Required by UnityAnalytics Module","scenes":[],"dependencyType":2,"icon":"package/com.unity.modules.unityanalytics"}]},{"name":"UnityConnect","dependencies":[{"name":"UnityConnectSettings","scenes":[],"dependencyType":1,"icon":null},{"name":"Required by CrashReporting Module","scenes":[],"dependencyType":2,"icon":"package/com.unity.modules.crashreporting"},{"name":"Required by PerformanceReporting Module","scenes":[],"dependencyType":2,"icon":"package/com.unity.modules.performancereporting"},{"name":"Required by UnityAnalytics (See Services Window)","scenes":[],"dependencyType":3,"icon":"class/PlayerSettings"},{"name":"Required by UnityAnalytics Module","scenes":[],"dependencyType":2,"icon":"package/com.unity.modules.unityanalytics"}]},{"name":"UnityWebRequest","dependencies":[{"name":"Required by CrashReporting Module","scenes":[],"dependencyType":2,"icon":"package/com.unity.modules.crashreporting"},{"name":"Required by UnityAnalytics Module","scenes":[],"dependencyType":2,"icon":"package/com.unity.modules.unityanalytics"},{"name":"Required by UnityWebRequestAssetBundle Module","scenes":[],"dependencyType":2,"icon":"package/com.unity.modules.unitywebrequestassetbundle"},{"name":"Required by UnityWebRequestAudio Module","scenes":[],"dependencyType":2,"icon":"package/com.unity.modules.unitywebrequestaudio"},{"name":"Required by UnityWebRequestTexture Module","scenes":[],"dependencyType":2,"icon":"package/com.unity.modules.unitywebrequesttexture"},{"name":"Required by Video Module","scenes":[],"dependencyType":2,"icon":"package/com.unity.modules.video"}]},{"name":"UnityWebRequestAssetBundle","dependencies":[]},{"name":"UnityWebRequestAudio","dependencies":[]},{"name":"UnityWebRequestTexture","dependencies":[]},{"name":"Video","dependencies":[{"name":"VideoClip","scenes":[],"dependencyType":0,"icon":null},{"name":"VideoPlayer","scenes":[],"dependencyType":0,"icon":null}]},{"name":"VR","dependencies":[]},{"name":"XR","dependencies":[{"name":"Required by VR Module","scenes":[],"dependencyType":2,"icon":"package/com.unity.modules.vr"}]}]}}